5'_gene,3'_gene,5'_transcript,3'_transcript,5'_strand,3'_strand,Domain_ID,Domain_name,Domain_description,Protein_start,Protein_end
HNRNPUL2,AHNAK,ENST00000301785,ENST00000257247,-,-,PF02037,SAP,SAP domain,4,37
HNRNPUL2,AHNAK,ENST00000301785,ENST00000257247,-,-,PF00622,SPRY,SPRY domain,294,416
HNRNPUL2,AHNAK,ENST00000301785,ENST00000257247,-,-,PF13671,AAA_33,AAA domain,454,599
HNRNPUL2,AHNAK,ENST00000301785,ENST00000378024,-,-,PF02037,SAP,SAP domain,4,37
HNRNPUL2,AHNAK,ENST00000301785,ENST00000378024,-,-,PF00622,SPRY,SPRY domain,294,416
HNRNPUL2,AHNAK,ENST00000301785,ENST00000378024,-,-,PF13671,AAA_33,AAA domain,454,599
